model,fit_time,score_time,test_recall,test_precision,test_accuracy,test_f1
LogisticRegression(random_state=0),17.16316+-1.84485,0.67291+-0.03999,0.17599+-0.32734,0.4676+-0.42596,0.83507+-0.18145,0.05691+-0.06963
BernoulliNB(),3.63972+-0.03834,0.8906+-0.05945,0.43269+-0.23865,0.66543+-0.41127,0.80936+-0.22701,0.3486+-0.15436
"DecisionTreeClassifier(criterion='entropy', random_state=0)",31.51297+-4.1908,0.65667+-0.04031,0.26323+-0.36996,0.4206+-0.4737,0.5376+-0.33294,0.08286+-0.07389
