model,fit_time,score_time,test_neg_mean_squared_error,test_neg_root_mean_squared_error,test_r2
LinearRegression(),4.33548+-0.05042,0.20358+-0.0173,-424.86979+-169.6886,-20.21288+-4.03847,0.03918+-0.0151
Ridge(random_state=0),2.93292+-0.04968,0.21398+-0.01846,-424.86979+-169.6886,-20.21288+-4.03847,0.03918+-0.0151
Lasso(random_state=0),3.54185+-0.06707,0.21268+-0.01845,-432.11711+-177.53857,-20.36155+-4.18619,0.02727+-0.00563
